{
    "Taskfile_list":[
        {
          "File_Name": "123_Abc.mp4",
          "project_Name":"Veoneer",
          "Task_level": "Maker",
          "Priority": "Highest",
          "Created_Date": "10-06-2021",
          "status": "Ready",
          "Action": {
            "re_assign": "Re-assign",
            "start": "START"
          }
        },
        {
          "File_Name": "124_Abc.mp4",
          "project_Name":"Veoneer",
          "Task_level": "Maker",
          "Priority": "Medium",
          "Created_Date": "17-06-2021",
          "status": "InProgress",
          "Action": {
            "re_assign": "Re-assign",
            "start": "Continue"
          }
        },
        {
          "File_Name": "125_Abc.mp4",
          "project_Name":"Veoneer",
          "Task_level": "Maker",
          "Priority": "Medium",
          "Created_Date": "10-06-2021",
          "status": "Ready",
          "Action": {
            "re_assign": "Re-assign",
            "start": "START"
          }
        },
        {
          "File_Name": "126_Abc.mp4",
          "project_Name":"Veoneer",
          "Task_level": "Maker",
          "Priority": "Lowest",
          "Created_Date": "12-06-2021",
          "status": "Completed",
          "Action": {
            "re_assign": "Re-assign",
            "start": "Done"
          }
        },
        {
          "File_Name": "127_Abc.mp4",
          "project_Name":"Veoneer",
          "Task_level": "Maker",
          "Priority": "Lowest",
          "Created_Date": "17-06-2021",
          "status": "Completed",
         "Action": {
            "re_assign": "Re-assign",
            "start": "Done"
          }
        }
      ]
   
  }